<?xml version="1.0" encoding="UTF-8"?>
<cbinstall version="1.7" type="plugin" group="user">
	<name>K2 for Cb</name>
	<author>Guarneri Iacopo</author>
	<creationDate>14/08/2014</creationDate>
	<license>http://www.gnu.org/copyleft/gpl.html GNU/GPL</license>
	<authorEmail>iacopo.guarneri@gmail.com</authorEmail>
	<authorUrl>http://www.iacopo-guarneri.me/</authorUrl>
	<version>1.0</version>
	<description>view article of K2 in Cb</description>

	<files>
		<filename plugin="cb_plugin_k2forcb">cb_plugin_k2forcb.php</filename>
		<filename >index.html</filename>
	</files>

	<params>
		<param name="@spacer" type="spacer" default="requirements: 1) file_get_contents enabled in the server configuration 2) in the configuration of k2 enable users and group user to create / edit articles from frontend" label="Important:" description="" />
		<param name="cat" type="text" default="1" label="k2 id category" description="Enter the id category of k2 that appears in the profiles of cb" />
		<param name="bg_color" type="text" default="555555" label="items' background color" description="html color" />
		<param name="size" type="text" default="150" label="items' size" description="pixel" />
		<param name="margin" type="text" default="15" label="items' margin" description="pixel" />
		<param name="padding" type="text" default="5" label="titles' padding" description="%" />
		<param name="span_cl" type="text" default="ffffff" label="titles' color" description="html color" />
		<param name="span_bg" type="text" default="000000" label="titles' background" description="html color" />
		<param name="span_opacity" type="text" default="0.6" label="titles' opacity" description="from 0 to 1" />
	</params>


	<tabs>
	<tab name="K2 for Cb" description="" class="cbk2forcbTab" fields="1" position="cb_tabmain" displaytype="tab">
	</tab>
	</tabs>

</cbinstall>
