<?xml version="1.0" encoding="utf-8"?>
    <extension type="component" version="2.5">
    <name>Search Source</name>
    <extensionname>Search Source</extensionname>
    <author>Iacopo Guarneri</author>
    <creationDate>29/06/2012</creationDate>
    <license>GNU/GPL</license>
    <authorEmail>iacopo.guarneri@gmail.com</authorEmail>
    <authorUrl>http://www.iacopo-guarneri.me/</authorUrl>
    <version>1.0</version>
    <description></description>
   
	<administration>
	<menu link="com_searchsource">Search Source</menu>
 
   <files folder="administrator">
		<filename>searchsource.php</filename>
		<filename>index.html</filename>
    </files>
    </administration>
</extension>