<?xml version="1.0" encoding="utf-8"?>
<extension version="2.5" type="plugin" group="kunena" method="upgrade">
    <name>Secret Text for Kunena</name>
    <author>Iacopo Guarneri</author>
    <creationDate>20140908</creationDate>
    <license>http://www.gnu.org/licenses/gpl-3.0.html GNU/GPL</license>
    <authorEmail>iacopo.guarneri@gmail.com</authorEmail>
    <authorUrl>http://www.iacopo-guarneri.me/</authorUrl>
    <version>1.0</version>
    <description>PLG_KUNENASECRET_DESC</description>
    <files>
        <folder>images</folder>
        <filename plugin="secrettextkunena">secrettextkunena.php</filename>
        <filename>index.html</filename>
	<filename>style.css</filename>
    </files>
    <languages folder="language">
        <language tag="en-GB">en-GB/en-GB.plg_kunena_secrettextkunena.ini</language>
	<language tag="it-IT">it-IT/it-IT.plg_kunena_secrettextkunena.ini</language>
    </languages>
    <config>
        <fields name="params">
            <fieldset name="basic">
                <field name="secret_text_usergroup" type="usergroup"
        		label="PLG_KUNENASECRET_FIELD_GROUP"
        		description="PLG_KUNENASECRET_FIELD_GROUP_DESC" 
        		multiple="true" />
            </fieldset>
        </fields>
    </config>
</extension>
