<?xml version="1.0" encoding="utf-8"?>
<!DOCTYPE install PUBLIC "-//Joomla! 1.6//DTD template 1.0//EN" "http://www.joomla.org/xml/dtd/1.6/template-install.dtd">
<extension version="1.6" type="template" client="site">
	<name>empty-template</name>
	<creationDate>03/28/11</creationDate>
	<author>Nome</author>
	<authorEmail>Indirizzo Email</authorEmail>
	<authorUrl>Indirizzo del sito</authorUrl>
	<copyright>Copyright (C) Nome sito</copyright>
	<license>GNU General Public License version 2 or later; see LICENSE.txt</license>
	<version>1.0.0</version>
	<description>Descrizione del template</description>
	<files>
		<folder>css</folder>
		<folder>images</folder>
		<filename>index.php</filename>
		<filename>favicon.ico</filename>
		<filename>templateDetails.xml</filename>
	</files>
	<positions>
		<position>top</position>
		<position>left</position>
		<position>right</position>
		<position>footer</position>
	</positions>	
	<config>
		<fields name="params">
			<fieldset name="advanced">
				<field name="liquid" type="radio" default="1" label="Liquid Css" description="">
				  <option value="0">no</option>
				  <option value="1">yes</option>
				</field>														
			</fieldset>
		</fields>
	</config>
</extension>
