<?xml version="1.0" encoding="utf-8"?>
<extension version="1.0" type="module" method="upgrade">
<name>Map for K2</name>
<creationDate>23 09 2014</creationDate>
<version>1.0</version>
<author>Iacopo Guarneri</author>
<authorEmail>iacopo.guarneri@gmail.com</authorEmail>
<authorUrl>http://www.iacopo-guarneri.me/</authorUrl>
<license>http://www.gnu.org/licenses/gpl-2.0.html GNU/GPL</license>

	<files>
		<filename module="mod_mapfork2">mod_mapfork2.php</filename>
		<filename>mod_mapfork2.xml</filename>
		<filename>index.html</filename>
	</files>
	
	<config>
		<fields name="params">
			<fieldset name="general" group="general" label="General Settings">
				<field name="address" type="sql" default="1" label="Extra field for the address" query="SELECT id as value, name as address FROM #__k2_extra_fields WHERE published=1" />
				<field name="city" type="sql" default="2" label="Extra field for the city" query="SELECT id as value, name as city FROM #__k2_extra_fields WHERE published=1" />
				<field name="zoom" type="text" default="8" label="Map zoom" description="" size="10" />
			</fieldset>

			<fieldset name="advanced" group="advanced" label="Advanced Options">
				<field name="moduleclass_sfx" type="text" default="" label="Module Class Suffix" description="PARAMMODULECLASSSUFFIX" />
				<field name="filteringspacer10" type="spacer" hr="true" />
				<field name="cache" type="list" default="0" label="Caching" description="Select whether to cache the content of this module">
					<option value="1">Use global</option>
					<option value="0">No caching</option>
				</field>
				<field name="cache_time" type="text" default="900" label="Cache Time" description="The time before the module is recached" />
			</fieldset>
		</fields>
	</config>
</extension>
