<?xml version="1.0" encoding="utf-8"?>
<extension version="2.5" type="plugin" group="content">
	<name>K2 Search</name>
	<creationDate>23 09 2014</creationDate>
	<license>GNU/GPL</license>
	<version>1.0</version>
	<author>Iacopo Guarneri</author>
	<authorEmail>iacopo.guarneri@gmail.com</authorEmail>
	<authorUrl>http://www.iacopo-guarneri.me/</authorUrl>
	<license>http://www.gnu.org/licenses/gpl-2.0.html GNU/GPL</license>
	<files>
		<filename plugin="k2search">k2search.php</filename>
		<filename>index.html</filename>
	</files>
	
	<config>
		<fields name="params">
			<fieldset name="general" group="general" label="General Settings">

				<field multiple="multiple" name="name" type="sql" default="1" label="Select an extra fields" query="SELECT id as value, name FROM #__k2_extra_fields" />
				
			</fieldset>
		</fields>
	</config>
</extension>
