<?xml version="1.0" encoding="utf-8"?>
<extension type="module" version="3.1" client="site" method="upgrade">
	<name>Mobile content slideshow</name>
	<author>Iacopo Guarneri</author>
	<creationDate>July 2015</creationDate>
	<license>GNU General Public License version 2 or later; see LICENSE.txt</license>
	<authorEmail>iacopo.guarneri@gmail.com</authorEmail>
	<authorUrl>www.iacopo-guarneri.me</authorUrl>
	<version>1.0</version>
	<description>slideshow for desktop and mobile</description>
	<files>
		<filename module="mod_mobile_content_slideshow">mod_mobile_content_slideshow.php</filename>
		<folder>dist</folder>
		<filename>mod_mobile_content_slideshow.xml</filename>
	</files>
	<config>
		<fields name="params">
			<fieldset name="basic">
				<field name="cat" type="category" extension="com_content" label="Select a category" description="" />
				<field name="limit" type="text" default="100" label="Number of articles" />
				<field name="resolution" type="list" default="480" label="Mobile screen resolution (px)">
					<option value="480">480</option>
					<option value="768">768</option>
					<option value="980">980</option>
				</field>
			</fieldset>

			<fieldset name="advanced" group="advanced" label="Advanced Options">
				<field name="moduleclass_sfx" type="text" default="" label="Module Class Suffix" description="PARAMMODULECLASSSUFFIX" />
				<field name="filteringspacer10" type="spacer" hr="true" />
				<field name="cache" type="list" default="0" label="Caching" description="Select whether to cache the content of this module">
					<option value="1">Use global</option>
					<option value="0">No caching</option>
				</field>
				<field name="cache_time" type="text" default="900" label="Cache Time" description="The time before the module is recached" />
			</fieldset>
		</fields>
	</config>
</extension>
