<?xml version="1.0" encoding="utf-8"?>
<extension version="1.0" type="plugin" group="content" method="upgrade">
	<name>Content - Html5 Player</name>
	<author>Iacopo Guarneri</author>
	<creationDate>25/10/14</creationDate>
	<authorEmail>iacopo.guarneri@gmail.com</authorEmail>
	<authorUrl>http://www.iacopo-guarneri.me</authorUrl>
	<license>http://www.gnu.org/licenses/gpl-3.0.html GNU/GPL</license>
	<version>1.0</version>
	<description>
		<![CDATA[
		<p>Plugin for inserting video and audio player in HTML5 format.<br />
		syntax and examples:</p>
		<p>[html5audio source="path/song_url.mp3"]<br />
		[html5audio source="path/song_url.mp3,path/song_url.ogg"]<br />
		[html5video source="path/video_url.mp4"]<br />
		[html5video source="path/video_url.mp4,path/video_url.ogg"]<br /><br />
		AUTOPLAY<br />
		[html5audio source="path/song_url.mp3" autoplay]<br />
		[html5video source="path/video_url.mp4" autoplay]<br /><br />
		POSTER / PREVIEW<br />
		[html5video source="path/video_url.mp4" poster="images/prev.jpg"]
		</p>

		<p>Info from w3schools.com (date: 25/10/14)</p>
		<p>HTML Audio - Browser Support<br />
		Currently, there are 3 supported file formats for the audio element: MP3, Wav, and Ogg:</p>
	  	<p><table style="width:100%;">
			<tr>
				<th style="width:25%">Browser</th>
				<th style="width:25%">MP3</th>
				<th style="width:25%">Wav</th>
				<th style="width:25%">Ogg</th>
			</tr>
			<tr>
				<td>Internet Explorer</td>
				<td><span style="font-weight:normal;">YES</td>
				<td><span style="font-weight:normal;">NO</td>
				<td><span style="font-weight:normal;">NO</td>
			</tr>
			<tr>
				<td>Chrome</td>
				<td><span style="font-weight:normal;">YES</span></td>
				<td><span style="font-weight:normal;">YES</span></td>
				<td><span style="font-weight:normal;">YES</span></td>
			</tr>
			<tr>
				<td>Firefox</td>
				<td><span style="font-weight:normal;">YES</span></td>
				<td><span style="font-weight:normal;">YES</span></td>
				<td><span style="font-weight:normal;">YES</span></td>
			</tr>
			<tr>
				<td>Safari</td>
				<td><span style="font-weight:normal;">YES</span></td>
				<td><span style="font-weight:normal;">YES</span></td>
				<td><span style="font-weight:normal;">NO</span></td>
			</tr>
			<tr>
				<td>Opera</td>
				<td><span style="font-weight:normal;">NO</span></td>
				<td><span style="font-weight:normal;">YES</span></td>
				<td><span style="font-weight:normal;">YES</span></td>
			</tr>
		</table></p>
		<p>Currently, there are 3 supported video formats for the <video> element: MP4, WebM, and Ogg:</p>
		<p><table style="width:100%;">
			<tr>
				<th style="width:25%">Browser</th>
				<th style="width:25%">MP4</th>
				<th style="width:25%">WebM</th>
				<th style="width:25%">Ogg</th>
			</tr>
			<tr>
				<td>Internet Explorer</td>
				<td><span style="font-weight:normal;">YES</span></td>
				<td><span style="font-weight:normal;">NO</span></td>
				<td><span style="font-weight:normal;">NO</span></td>
			</tr>
			<tr>
				<td>Chrome</td>
				<td><span style="font-weight:normal;">YES</span></td>
				<td><span style="font-weight:normal;">YES</span></td>
				<td><span style="font-weight:normal;">YES</span></td>
			</tr>
			<tr>
				<td>Firefox</td>
				<td><span style="font-weight:normal;">YES</span></td>
				<td><span style="font-weight:normal;">YES</span></td>
				<td><span style="font-weight:normal;">YES</span></td>
			</tr>
			<tr>
				<td>Safari</td>
				<td><span style="font-weight:normal;">YES</span></td>
				<td><span style="font-weight:normal;">NO</span></td>
				<td><span style="font-weight:normal;">NO</span></td>
			</tr>
			<tr>
				<td>Opera</td>
				<td><span style="font-weight:normal;">NO</span></td>
				<td><span style="font-weight:normal;">YES</span></td>
				<td><span style="font-weight:normal;">YES</span></td>
			</tr>
		</table></p>
		]]>
	</description>
	<files>
		<filename plugin="html5player">html5player.php</filename>
		<filename>index.html</filename>
	</files>
    	<config>
	  	<fields name="params">
	  	<fieldset name="basic">
			<field name="width" type="text" default="100" label="Width" descritpion="enter a value of 0 to have size 'auto'" />
			<field name="height" type="text" default="0" label="Height" descritpion="enter a value of 0 to have size 'auto'" />
			<field name="background" type="text" default="0" label="Background color" descritpion="enter a value of 0 for the default color or use valid css format (#f00, #ff0000, red)" />
		
			<field name="pxperc" type="radio" default="%" label="px or percentage">
				<option value="px">px</option>
				<option value="%">%</option>
			</field>

		</fieldset>
		<fieldset name="advanced">
		  <field name="display_artcreative" type="radio" default="1" label="Display ArtCreative Notice or select No to turn off (Link will be hidden)" description="If you dont want to keep the links we ask you to bay commercial version.">
			<option value="0">yes</option>
			<option value="1">no</option>
			</field>
		</fieldset>
		</fields>
    	</config>
</extension>
