<?xml version="1.0" encoding="utf-8"?>
<extension method="upgrade" type="component" version="2.5.0">
<name>Forum Translator installer</name>
<creationDate>16 02 2012</creationDate>
<version>1.0</version>
<author>Iacopo Guarneri</author>
<authorEmail>iacopo.guarneri@gmail.com</authorEmail>
<authorUrl>http://www.iacopo-guarneri.me/</authorUrl>
<license>http://www.gnu.org/licenses/gpl-2.0.html GNU/GPL</license>
	
	<scriptfile>install.script.php</scriptfile>
	<administration>
		<menu>Forum Translator installer</menu>
		<files folder="admin">
			<filename>extensions/index.html</filename>
			<file type="component" id="com_forumtranslator" >extensions/com_forumtranslator.zip</file>
			<file type="module" id="mod_forumtranslator">extensions/mod_forumtranslator.zip</file>
		</files>
	</administration>
</extension>
