<?xml version="1.0" encoding="utf-8"?>
<extension method="upgrade" type="component" version="2.5.0">
<name>Article Pager install</name>
<creationDate>22/04/2013</creationDate>
<license>GNU/GPL</license>
<version>1.0</version>
<author>Iacopo Guarneri</author>
<authorEmail>iacopo.guarneri@gmail.com</authorEmail>
<authorUrl>http://www.iacopo-guarneri.me/</authorUrl>
<license>http://www.gnu.org/licenses/gpl-2.0.html GNU/GPL</license>
	
	<installfile>install.script.php</installfile>
	<administration>
		<menu>Article Pager install</menu>
		<files folder="admin">
			<filename>extensions/index.html</filename>
			<filename>extensions/com_articlepager.zip</filename>
			<filename>extensions/plg_articlepager.zip</filename>
			<filename>extensions/plg_articlepager_admin.zip</filename>
		</files>
	</administration>
</extension>
