<?xml version="1.0" encoding="utf-8"?>
<extension version="2.5" type="plugin" group="system">
	<name>System - We Hate Spam</name>
	<author>Guarneri Iacopo</author>
	<creationDate>3/12/2012</creationDate>
	<license>http://www.gnu.org/copyleft/gpl.html GNU/GPL</license>
	<authorEmail>iacopo.guarneri@gmail.com</authorEmail>
	<authorUrl>http://www.iacopo-guarneri.me</authorUrl>
	<version>1.0</version>
	<copyright>(C) 2011 vi-solutions</copyright>

	<files>
		<filename plugin="we_hate_spam">we_hate_spam.php</filename>
		<filename>index.html</filename>
		<folder>SpambotCheck</folder>
	</files>
	<languages folder="language/">
		<language tag="en-GB">en-GB.plg_system_we_hate_spam.ini</language>
		<language tag="de-DE">de-DE.plg_system_we_hate_spam.ini</language>
		<language tag="it-IT">it-IT.plg_system_we_hate_spam.ini</language>
	</languages>
	<config>
		<fields name="params">
			<fieldset name="basic">
				<field name="spbot_check_ip" type="radio" default="1" label="Check_IP" description="CHECK_IP_DESC">
					<option value="0">JNo</option>
					<option value="1">JYes</option>
				</field>
				<field name="spbot_check_email" type="radio" default="1" label="CHECK_E-MAIL" description="CHECK_EMAIL_DESC">
					<option value="0">JNo</option>
					<option value="1">JYes</option>
				</field>
				<field name="spbot_username" type="radio" default="0" label="CHECK_USERNAME" description="CHECK_USERNAME_DESC">
					<option value="0">JNo</option>
					<option value="1">JYes</option>
				</field>
				<field name="spbot_whitelist_email" type="text" default="" size="50" label="E-MAIL_WHITELIST" description="EMAIL_WHITELIST_DESC"/>
				<field name="spbot_whitelist_ip" type="text" default="" size="50" label="IP_WHITELIST" description="IP_WHITELIST_DESC"/>
				<field name="spbot_blacklist_email" type="text" default="" size="50" label="E-MAIL_BLACKLIST" description="EMAIL_BLACKLIST_DESC"/>
				<field name="spbot_blacklist_ip" type="text" default="" size="50" label="IP_BLACKLIST" description="IP_BLACKLIST_DESC"/>
				<field name="@spacer" type="spacer" default="" label="" description=""/>
				<field name="spbot_email_notifications" type="radio" default="0" label="NOTIFY_ADMIN_VIA_E-MAIL" description="NOTIFY_ADMIN_VIA_EMAIL_DESC">
					<option value="0">JNo</option>
					<option value="1">JYes</option>
				</field>
				<field name="spbot_log_to_db" type="radio" default="0" label="LOG_SPAMBOT_TO_DB" description="LOG_SPAMERS_TO_DB_DESC">
					<option value="0">JNo</option>
					<option value="1">JYes</option>
				</field>
				<field name="spbot_stopforumspam" type="radio" default="1" label="STOPFORUMSPAM.COM" description="STOPFORUMSPAM_DESC">
					<option value="0">JNo</option>
					<option value="1">JYes</option>
				</field>
				<field name="spbot_stopforumspam_max_allowed_frequency" type="text" default="0" size="25" label="ALLOWED_FREQUENCY" description="STOPFORUMSPAM_FREQUENCY_DESC"/>
				<field name="spbot_spambusted" type="radio" default="0" label="SPAMBUSTED.COM" description="SPAMBUSTED_DESC">
					<option value="0">JNo</option>
					<option value="1">JYes</option>
				</field>
				<field name="@spacer" type="spacer" default="" label="" description=""/>
				<field name="spbot_projecthoneypot_api_key" type="text" default="" size="25" label="DNS_PROJECTPHONEYPOT.ORG_KEY" description="DNS_PROJECTPHONEYPOT_DESC"/>
				<field name="spbot_projecthoneypot_max_allowed_threat_rating" type="text" default="0" size="25" label="ALLOWED_THREAT_RATING" description="PHP_THREAT_RATING_DESC"/>
				<field name="spbot_sorbs" type="radio" default="0" label="DNS_SORBS.NET" description="DNS_SORBS_DESC">
					<option value="0">JNo</option>
					<option value="1">JYes</option>
				</field>
				<field name="spbot_spamcop" type="radio" default="0" label="DNS_SCAMPCOP.NET" description="DNS_SCAMPCOP_DESC">
					<option value="0">JNo</option>
					<option value="1">JYes</option>
				</field>
			</fieldset>
		</fields>
	</config>
</extension>
