<?xml version="1.0" encoding="utf-8"?>
<extension version="1.0" type="module" method="upgrade">
<name>slideshowminutes</name>
<creationDate>12 08 2012</creationDate>
<version>1.0</version>
<author>Iacopo Guarneri</author>
<authorEmail>iacopo.guarneri@alice.it</authorEmail>
<authorUrl>http://www.the-html-tool.com/</authorUrl>
<license>http://www.gnu.org/licenses/gpl-2.0.html GNU/GPL</license>

	<files>
		<filename module="mod_slideshowminutes">mod_slideshowminutes.php</filename>
		<filename>mod_slideshowminutes.xml</filename>
		<filename>index.html</filename>
	</files>
	
	<config>
		<fields name="params">
			<fieldset name="general" group="general" label="General Settings">
				<field name="transition" type="text" default="200" label="transition duration" description="" />
				<field name="dir" type="text" default="images/slideshow" label="directory of images" description="in this directory must be present images 1.jpg, 2.jpg, 3.jpg ... 58.jpg 59.jpg 60.jpg (one image per minute) (the extension (.jpg) is just one example you can choose the extension you prefer)" />
				<field name="est" type="text" default=".jpg" label="extension of the images" description="" />
				<field name="link" type="textarea" default="0[link]http://www.google.com, 1[link]http://www.yahoo.com" label="image links" description="enter the list of links separated with comma. Each entry must have this syntax-> minute[link]link. Example: If the 39 minutes we want to put the link in google: 39[link]http://www.google.com" />
				
				<field name="prefix" type="text" default="" label="prefix" description="if we write the prefix 'position1_' images per minute 0 will be called for example: position1_0.jpg, retail 1: position1_1.jpg, retail 2: position1_2.jpg and so on" />
			</fieldset>

			<fieldset name="advanced" group="advanced" label="Advanced Options">
				<field name="moduleclass_sfx" type="text" default="" label="Module Class Suffix" description="PARAMMODULECLASSSUFFIX" />
				<field name="filteringspacer10" type="spacer" hr="true" />
				<field name="cache" type="list" default="0" label="Caching" description="Select whether to cache the content of this module">
					<option value="1">Use global</option>
					<option value="0">No caching</option>
				</field>
				<field name="cache_time" type="text" default="900" label="Cache Time" description="The time before the module is recached" />
			</fieldset>
		</fields>
	</config>
</extension>
