<?xml version="1.0" encoding="utf-8"?>
    <extension type="component" version="2.5">
    <name>JExport</name>
    <extensionname>JExport</extensionname>
    <author>Iacopo Guarneri</author>
    <creationDate>13/07/2015</creationDate>
    <license>GNU/GPL</license>
    <authorEmail>iacopo.guarneri@gmail.com</authorEmail>
    <authorUrl>http://www.iacopo-guarneri.me/</authorUrl>
    <version>1.0</version>
    <description></description>
   
	<administration>
		<menu link="com_jexport">JExport</menu>
 
		<files folder="administrator">
			<filename>jexport.php</filename>
			<filename>index.html</filename>
			<filename>config.json</filename>
		</files>
		<languages folder="admin/language">
			<language tag="en-GB">language/en-GB/en-GB.com_jexport.ini</language>
			<language tag="it-IT">language/it-IT/it-IT.com_jexport.ini</language>
		</languages>
    </administration>
</extension>