<?xml version="1.0" encoding="utf-8"?>
	<extension version="3.2" type="plugin" group="editors-xtd" method="upgrade">
	<name>Button - Smart Related Articles</name>
	<author>Iacopo Guarneri</author>
	<creationDate>20140910</creationDate>
	<license>http://www.gnu.org/copyleft/gpl.html GNU/GPL</license>
	<authorEmail>iacopo.guarneri@gmail.com</authorEmail><authorUrl>http://www.iacopo-guarneri.me/</authorUrl>
	<version>1.0</version>
	<description><![CDATA[Related Articles Smart recommends related articles and with the modal window can change or add new<br /><br />
Possible css style:<br />
.smartrelatedarticles{<br />
&nbsp;&nbsp;&nbsp;&nbsp;&nbsp;width:30%;<br />
&nbsp;&nbsp;&nbsp;&nbsp;&nbsp;margin:0px 1.5%;<br />
&nbsp;&nbsp;&nbsp;&nbsp;&nbsp;height:150px;<br />
&nbsp;&nbsp;&nbsp;&nbsp;&nbsp;float:left;<br />
}<br />
.smartrelatedarticles img{<br />
&nbsp;&nbsp;&nbsp;&nbsp;&nbsp;object-fit: cover;<br />
&nbsp;&nbsp;&nbsp;&nbsp;&nbsp;width:100%;<br />
&nbsp;&nbsp;&nbsp;&nbsp;&nbsp;height:100px;<br />
}<br />
.smartrelatedarticles p{<br />
&nbsp;&nbsp;&nbsp;&nbsp;&nbsp;font-size:20px;<br />
&nbsp;&nbsp;&nbsp;&nbsp;&nbsp;text-align:center;<br />
&nbsp;&nbsp;&nbsp;&nbsp;&nbsp;margin-bottom:10px;<br />
}]]>
	</description>
	<files>
		<filename plugin="smartrelatedarticles">smartrelatedarticles.php</filename>
		<filename>index.html</filename>
		<filename>dialog.php</filename>
		<folder>chosen</folder>
	</files>
	<config>
		<fields name="params">
			<fieldset name="basic">
				<field name="n_art" type="text" default="3" label="Number related articles" description="" />
				<field name="cats" type="category" extension="com_content" label="Select a category" default="1" multiple="true" />
				<field name="txt_img" type="radio" default="txt" label="Type" description="">
					<option value="txt">Show title</option>
					<option value="img">Show image</option>
					<option value="txtimg">Show title and image</option>
				</field>
			</fieldset>
		</fields>
	</config>
</extension>
