<?xml version="1.0" encoding="utf-8"?>
<extension version="2.5" type="plugin" group="system">
	<name>System - Select to social</name>
	<author>Guarneri Iacopo</author>
	<creationDate>20/10/2015</creationDate>
	<license>http://www.gnu.org/copyleft/gpl.html GNU/GPL</license>
	<authorEmail>iacopo.guarneri@gmail.com</authorEmail>
	<authorUrl>http://www.iacopo-guarneri.me</authorUrl>
	<version>1.0</version>

	<files>
		<filename plugin="selecttosocial">selecttosocial.php</filename>
		<filename>icons.png</filename>
		<filename>index.html</filename>
	</files>
	<config>
		<fields name="params">
			<fieldset name="basic">
				<field name="sites" type="list" default="tw" multiple="true" label="Show icon" description="">
					<option value="tw">Twitter</option>
					<option value="fb">Facebook</option>
					<option value="gp">Google plus</option>
					<option value="pi">Pinterest</option>
					<option value="in">Linkedin</option>
				</field>
			</fieldset>
		</fields>
	</config>
</extension>